{
    "avg_prec": 0.5194196518285419,
    "roc_auc": 0.9286606916961199
}