{
    "avg_prec": 0.501440586849914,
    "roc_auc": 0.9378771093204941
}